,plant_id,month,year,Source,Generation
936,37,1,2020,MW_gen,5.48
957,37,2,2020,MW_gen,8.0
2008,37,1,2020,weather_adj,5.662999999999999
2029,37,2,2020,weather_adj,
3080,37,1,2020,pv_syst,13.370999999999999
3101,37,2,2020,pv_syst,24.26
